<?xml version="1.0" encoding="UTF-8" standalone="no"?>
<TETCOS_NETSIM xmlns:ns0="http://www.w3.org/2001/XMLSchema-instance" ns0:noNamespaceSchemaLocation="Configuration.xsd">
  <EXPERIMENT_INFORMATION>
    <VERSION>STANDARD</VERSION>
    <NUMBER>13.0.29</NUMBER>
    <USER>CENA</USER>
    <NAME>Experiment_1_MIMO1_Tx31</NAME>
    <DATE>2021/07/14 10:55:48</DATE>
    <COMMENT>Description</COMMENT>
    <OPTION> </OPTION>
    <SAORNSA>SA</SAORNSA>
  </EXPERIMENT_INFORMATION>
  <GUI_INFORMATION>
    <ENVIRONMENT_VIEWTYPE>Grid View</ENVIRONMENT_VIEWTYPE>
    <MAP_POSITION>13 77.5</MAP_POSITION>
    <ZOOM_LEVEL>1.0</ZOOM_LEVEL>
    <NETWORK_NAME>5G_NR_mmWave</NETWORK_NAME>
    <ENVIRONMENT_LENGTH>1000</ENVIRONMENT_LENGTH>
  </GUI_INFORMATION>
  <NETWORK_CONFIGURATION>
    <DEVICE_CONFIGURATION DEVICE_COUNT="10">
      <DEVICE DEFAULT_DEVICE_NAME="UPF" DEVICE_ID="1" DEVICE_IMAGE="UPF.png" DEVICE_NAME="UPF_1" DEVICE_TYPE="UPF" INTERFACE_COUNT="3" TYPE="UPF">
        <POS_3D X_OR_LON="600.0" Y_OR_LAT="200.0" Z="0"/>
        <INTERFACE ID="1" INTERFACE_TYPE="5G_N4">
          <LAYER TYPE="NETWORK_LAYER">
            <NETWORK_PROTOCOL NAME="IPV4" SETPROPERTY="TRUE">
              <PROTOCOL_PROPERTY DEFAULT_GATEWAY="11.1.1.2" IP_ADDRESS="10.0.0.4" SUBNET_MASK="255.255.0.0"/>
            </NETWORK_PROTOCOL>
          </LAYER>
          <LAYER TYPE="DATALINK_LAYER">
            <PROTOCOL NAME="POINT_TO_POINT" SETPROPERTY="TRUE">
              <PROTOCOL_PROPERTY ISNSAENABLE="FALSE" MAC_ADDRESS="AF1D00000101" SELECTED_OPTION_TYPE=""/>
            </PROTOCOL>
          </LAYER>
          <LAYER TYPE="PHYSICAL_LAYER">
            <PROTOCOL NAME="POINT_TO_POINT" SETPROPERTY="TRUE">
              <PROTOCOL_PROPERTY CONNECTED_TO="SMF_2" CONNECTION_MEDIUM="WIRED"/>
            </PROTOCOL>
          </LAYER>
        </INTERFACE>
        <INTERFACE ID="2" INTERFACE_TYPE="5G_N3">
          <LAYER TYPE="NETWORK_LAYER">
            <NETWORK_PROTOCOL NAME="IPV4" SETPROPERTY="TRUE">
              <PROTOCOL_PROPERTY DEFAULT_GATEWAY="11.1.1.2" IP_ADDRESS="10.0.0.5" SUBNET_MASK="255.255.0.0"/>
            </NETWORK_PROTOCOL>
            <PROTOCOL NAME="LTE_NR" SETPROPERTY="TRUE">
              <PROTOCOL_PROPERTY ISNSAENABLE="FALSE" SELECTED_OPTION_TYPE="" SERIES_3GPP="38" TYPE="UPF"/>
            </PROTOCOL>
          </LAYER>
          <LAYER TYPE="DATALINK_LAYER">
            <PROTOCOL NAME="ETHERNET" SETPROPERTY="TRUE">
              <PROTOCOL_PROPERTY ISNSAENABLE="FALSE" MAC_ADDRESS="AF1D00000102" SELECTED_OPTION_TYPE=""/>
            </PROTOCOL>
          </LAYER>
          <LAYER TYPE="PHYSICAL_LAYER">
            <PROTOCOL NAME="ETHERNET" SETPROPERTY="TRUE">
              <PROTOCOL_PROPERTY CONNECTED_TO="L2_Switch_4" CONNECTION_MEDIUM="WIRED"/>
            </PROTOCOL>
          </LAYER>
        </INTERFACE>
        <INTERFACE ID="3" INTERFACE_TYPE="5G_N6">
          <LAYER TYPE="NETWORK_LAYER">
            <NETWORK_PROTOCOL NAME="IPV4" SETPROPERTY="TRUE">
              <PROTOCOL_PROPERTY DEFAULT_GATEWAY="11.1.1.2" IP_ADDRESS="11.1.1.1" SUBNET_MASK="255.255.0.0"/>
            </NETWORK_PROTOCOL>
          </LAYER>
          <LAYER TYPE="DATALINK_LAYER">
            <PROTOCOL NAME="POINT_TO_POINT" SETPROPERTY="TRUE">
              <PROTOCOL_PROPERTY ISNSAENABLE="FALSE" MAC_ADDRESS="AF1D00000103" SELECTED_OPTION_TYPE=""/>
            </PROTOCOL>
          </LAYER>
          <LAYER TYPE="PHYSICAL_LAYER">
            <PROTOCOL NAME="POINT_TO_POINT" SETPROPERTY="TRUE">
              <PROTOCOL_PROPERTY CONNECTED_TO="Router_9" CONNECTION_MEDIUM="WIRED"/>
            </PROTOCOL>
          </LAYER>
        </INTERFACE>
        <LAYER TYPE="APPLICATION_LAYER">
          <PROTOCOL NAME="LTE_NR" SETPROPERTY="TRUE">
            <PROTOCOL_PROPERTY GTP_U_COUNT="1" ISNSAENABLE="FALSE" PFCP_COUNT="1" SELECTED_OPTION_TYPE="" SERIES_3GPP="38" TYPE="UPF">
              <GTP_U GNB_IP_ADDRESS="10.0.0.9"/>
              <PFCP SMF_IP_ADDRESS="10.0.0.3"/>
            </PROTOCOL_PROPERTY>
          </PROTOCOL>
        </LAYER>
        <LAYER TYPE="TRANSPORT_LAYER">
          <PROTOCOL NAME="TCP" SETPROPERTY="TRUE">
            <PROTOCOL_PROPERTY ACKNOWLEDGEMENT_TYPE="Undelayed" CONGESTION_ALGORITHM="NEW_RENO" CONGESTION_PLOT="FALSE" INITIAL_SSTHRESH="65535" MAX_SYN_RETRIES="5" SACK_PERMITTED="FALSE" SELECTIVE_ACK="FALSE" TCP_MSS="1460" TIMESTAMP_OPTION="FALSE" TIME_WAIT_TIMER="120" WINDOW_SCALING="FALSE"/>
          </PROTOCOL>
          <PROTOCOL NAME="UDP" SETPROPERTY="TRUE">
            <PROTOCOL_PROPERTY/>
          </PROTOCOL>
        </LAYER>
        <LAYER TYPE="NETWORK_LAYER">
          <PROTOCOL NAME="IPV4" SETPROPERTY="TRUE">
            <PROTOCOL_PROPERTY ICMP_STATUS="FALSE" PROCESSING_DELAY_US="0.0"/>
          </PROTOCOL>
        </LAYER>
      </DEVICE>
      <DEVICE DEFAULT_DEVICE_NAME="SMF" DEVICE_ID="2" DEVICE_IMAGE="SMF.png" DEVICE_NAME="SMF_2" DEVICE_TYPE="SMF" INTERFACE_COUNT="2" TYPE="SMF">
        <POS_3D X_OR_LON="500.0" Y_OR_LAT="100.0" Z="0"/>
        <INTERFACE ID="1" INTERFACE_TYPE="5G_N11">
          <LAYER TYPE="NETWORK_LAYER">
            <NETWORK_PROTOCOL NAME="IPV4" SETPROPERTY="TRUE">
              <PROTOCOL_PROPERTY DEFAULT_GATEWAY="" IP_ADDRESS="10.0.0.1" SUBNET_MASK="255.255.0.0"/>
            </NETWORK_PROTOCOL>
          </LAYER>
          <LAYER TYPE="DATALINK_LAYER">
            <PROTOCOL NAME="POINT_TO_POINT" SETPROPERTY="TRUE">
              <PROTOCOL_PROPERTY ISNSAENABLE="FALSE" MAC_ADDRESS="AF1D00000201" SELECTED_OPTION_TYPE=""/>
            </PROTOCOL>
          </LAYER>
          <LAYER TYPE="PHYSICAL_LAYER">
            <PROTOCOL NAME="POINT_TO_POINT" SETPROPERTY="TRUE">
              <PROTOCOL_PROPERTY CONNECTED_TO="AMF_3" CONNECTION_MEDIUM="WIRED"/>
            </PROTOCOL>
          </LAYER>
        </INTERFACE>
        <INTERFACE ID="2" INTERFACE_TYPE="5G_N4">
          <LAYER TYPE="NETWORK_LAYER">
            <NETWORK_PROTOCOL NAME="IPV4" SETPROPERTY="TRUE">
              <PROTOCOL_PROPERTY DEFAULT_GATEWAY="" IP_ADDRESS="10.0.0.3" SUBNET_MASK="255.255.0.0"/>
            </NETWORK_PROTOCOL>
          </LAYER>
          <LAYER TYPE="DATALINK_LAYER">
            <PROTOCOL NAME="POINT_TO_POINT" SETPROPERTY="TRUE">
              <PROTOCOL_PROPERTY ISNSAENABLE="FALSE" MAC_ADDRESS="AF1D00000202" SELECTED_OPTION_TYPE=""/>
            </PROTOCOL>
          </LAYER>
          <LAYER TYPE="PHYSICAL_LAYER">
            <PROTOCOL NAME="POINT_TO_POINT" SETPROPERTY="TRUE">
              <PROTOCOL_PROPERTY CONNECTED_TO="UPF_1" CONNECTION_MEDIUM="WIRED"/>
            </PROTOCOL>
          </LAYER>
        </INTERFACE>
        <LAYER TYPE="APPLICATION_LAYER">
          <PROTOCOL NAME="LTE_NR" SETPROPERTY="TRUE">
            <PROTOCOL_PROPERTY GTP_C_COUNT="1" ISNSAENABLE="FALSE" PFCP_COUNT="1" SELECTED_OPTION_TYPE="" SERIES_3GPP="38" TYPE="SMF">
              <GTP_C AMF_IP_ADDRESS="10.0.0.2"/>
              <PFCP UPF_IP_ADDRESS="10.0.0.4"/>
            </PROTOCOL_PROPERTY>
          </PROTOCOL>
        </LAYER>
        <LAYER TYPE="TRANSPORT_LAYER">
          <PROTOCOL NAME="TCP" SETPROPERTY="TRUE">
            <PROTOCOL_PROPERTY ACKNOWLEDGEMENT_TYPE="Undelayed" CONGESTION_ALGORITHM="NEW_RENO" CONGESTION_PLOT="FALSE" INITIAL_SSTHRESH="65535" MAX_SYN_RETRIES="5" SACK_PERMITTED="FALSE" SELECTIVE_ACK="FALSE" TCP_MSS="1460" TIMESTAMP_OPTION="FALSE" TIME_WAIT_TIMER="120" WINDOW_SCALING="FALSE"/>
          </PROTOCOL>
          <PROTOCOL NAME="UDP" SETPROPERTY="TRUE">
            <PROTOCOL_PROPERTY/>
          </PROTOCOL>
        </LAYER>
        <LAYER TYPE="NETWORK_LAYER">
          <PROTOCOL NAME="IPV4" SETPROPERTY="TRUE">
            <PROTOCOL_PROPERTY ICMP_STATUS="FALSE" PROCESSING_DELAY_US="0.0"/>
          </PROTOCOL>
        </LAYER>
      </DEVICE>
      <DEVICE DEFAULT_DEVICE_NAME="AMF" DEVICE_ID="3" DEVICE_IMAGE="AMF.png" DEVICE_NAME="AMF_3" DEVICE_TYPE="AMF" INTERFACE_COUNT="2" TYPE="AMF">
        <POS_3D X_OR_LON="400.0" Y_OR_LAT="200.0" Z="0"/>
        <INTERFACE ID="1" INTERFACE_TYPE="5G_N11">
          <LAYER TYPE="NETWORK_LAYER">
            <NETWORK_PROTOCOL NAME="IPV4" SETPROPERTY="TRUE">
              <PROTOCOL_PROPERTY DEFAULT_GATEWAY="" IP_ADDRESS="10.0.0.2" SUBNET_MASK="255.255.0.0"/>
            </NETWORK_PROTOCOL>
          </LAYER>
          <LAYER TYPE="DATALINK_LAYER">
            <PROTOCOL NAME="POINT_TO_POINT" SETPROPERTY="TRUE">
              <PROTOCOL_PROPERTY ISNSAENABLE="FALSE" MAC_ADDRESS="AF1D00000301" SELECTED_OPTION_TYPE=""/>
            </PROTOCOL>
          </LAYER>
          <LAYER TYPE="PHYSICAL_LAYER">
            <PROTOCOL NAME="POINT_TO_POINT" SETPROPERTY="TRUE">
              <PROTOCOL_PROPERTY CONNECTED_TO="SMF_2" CONNECTION_MEDIUM="WIRED"/>
            </PROTOCOL>
          </LAYER>
        </INTERFACE>
        <INTERFACE ID="2" INTERFACE_TYPE="5G_N1_N2">
          <LAYER TYPE="NETWORK_LAYER">
            <NETWORK_PROTOCOL NAME="IPV4" SETPROPERTY="TRUE">
              <PROTOCOL_PROPERTY DEFAULT_GATEWAY="" IP_ADDRESS="10.0.0.7" SUBNET_MASK="255.255.0.0"/>
            </NETWORK_PROTOCOL>
          </LAYER>
          <LAYER TYPE="DATALINK_LAYER">
            <PROTOCOL NAME="ETHERNET" SETPROPERTY="TRUE">
              <PROTOCOL_PROPERTY ISNSAENABLE="FALSE" MAC_ADDRESS="AF1D00000302" SELECTED_OPTION_TYPE=""/>
            </PROTOCOL>
          </LAYER>
          <LAYER TYPE="PHYSICAL_LAYER">
            <PROTOCOL NAME="ETHERNET" SETPROPERTY="TRUE">
              <PROTOCOL_PROPERTY CONNECTED_TO="L2_Switch_5" CONNECTION_MEDIUM="WIRED"/>
            </PROTOCOL>
          </LAYER>
        </INTERFACE>
        <LAYER TYPE="APPLICATION_LAYER">
          <PROTOCOL NAME="LTE_NR" SETPROPERTY="TRUE">
            <PROTOCOL_PROPERTY GTP_C_COUNT="1" ISNSAENABLE="FALSE" NGAP_COUNT="1" SELECTED_OPTION_TYPE="" SERIES_3GPP="38" TYPE="AMF">
              <NGAP GNB_IP_ADDRESS="10.0.0.11"/>
              <GTP_C SMF_IP_ADDRESS="10.0.0.1"/>
            </PROTOCOL_PROPERTY>
          </PROTOCOL>
        </LAYER>
        <LAYER TYPE="TRANSPORT_LAYER">
          <PROTOCOL NAME="TCP" SETPROPERTY="TRUE">
            <PROTOCOL_PROPERTY ACKNOWLEDGEMENT_TYPE="Undelayed" CONGESTION_ALGORITHM="NEW_RENO" CONGESTION_PLOT="FALSE" INITIAL_SSTHRESH="65535" MAX_SYN_RETRIES="5" SACK_PERMITTED="FALSE" SELECTIVE_ACK="FALSE" TCP_MSS="1460" TIMESTAMP_OPTION="FALSE" TIME_WAIT_TIMER="120" WINDOW_SCALING="FALSE"/>
          </PROTOCOL>
          <PROTOCOL NAME="UDP" SETPROPERTY="TRUE">
            <PROTOCOL_PROPERTY/>
          </PROTOCOL>
        </LAYER>
        <LAYER TYPE="NETWORK_LAYER">
          <PROTOCOL NAME="IPV4" SETPROPERTY="TRUE">
            <PROTOCOL_PROPERTY ICMP_STATUS="FALSE" PROCESSING_DELAY_US="0.0"/>
          </PROTOCOL>
        </LAYER>
      </DEVICE>
      <DEVICE DEFAULT_DEVICE_NAME="L2_Switch" DEVICE_ID="4" DEVICE_IMAGE="L2Switch.png" DEVICE_NAME="L2_Switch_4" DEVICE_TYPE="L2_SWITCH_UPF" INTERFACE_COUNT="2" TYPE="SWITCH">
        <POS_3D X_OR_LON="600.0" Y_OR_LAT="300.0" Z="0"/>
        <INTERFACE ID="1" INTERFACE_TYPE="ETHERNET">
          <LAYER TYPE="DATALINK_LAYER">
            <PROTOCOL NAME="ETHERNET" SETPROPERTY="TRUE">
              <PROTOCOL_PROPERTY BUFFER_SIZE="1" COST="90" MAC_ADDRESS="AF1D00000401" SPANNING_TREE_PROTOCOL="IEEE 802.1D" SPT_STATUS="TRUE" SWITCHING_TECHNIQUE="Store_Forward" SWITCH_ID="1AF1D00000401" SWITCH_PRIORITY="1"/>
            </PROTOCOL>
          </LAYER>
          <LAYER TYPE="PHYSICAL_LAYER">
            <PROTOCOL NAME="ETHERNET" SETPROPERTY="TRUE">
              <PROTOCOL_PROPERTY CONNECTED_TO="UPF_1" CONNECTION_MEDIUM="WIRED" CONNECTION_MODE="FULL_DUPLEX"/>
            </PROTOCOL>
          </LAYER>
        </INTERFACE>
        <INTERFACE ID="2" INTERFACE_TYPE="ETHERNET">
          <LAYER TYPE="DATALINK_LAYER">
            <PROTOCOL NAME="ETHERNET" SETPROPERTY="TRUE">
              <PROTOCOL_PROPERTY BUFFER_SIZE="1" COST="90" MAC_ADDRESS="AF1D00000402" SPANNING_TREE_PROTOCOL="IEEE 802.1D" SPT_STATUS="TRUE" SWITCHING_TECHNIQUE="Store_Forward" SWITCH_ID="1AF1D00000401" SWITCH_PRIORITY="1"/>
            </PROTOCOL>
          </LAYER>
          <LAYER TYPE="PHYSICAL_LAYER">
            <PROTOCOL NAME="ETHERNET" SETPROPERTY="TRUE">
              <PROTOCOL_PROPERTY CONNECTED_TO="gNB_7" CONNECTION_MEDIUM="WIRED" CONNECTION_MODE="FULL_DUPLEX"/>
            </PROTOCOL>
          </LAYER>
        </INTERFACE>
      </DEVICE>
      <DEVICE DEFAULT_DEVICE_NAME="L2_Switch" DEVICE_ID="5" DEVICE_IMAGE="L2Switch.png" DEVICE_NAME="L2_Switch_5" DEVICE_TYPE="L2_SWITCH_AMF" INTERFACE_COUNT="2" TYPE="SWITCH">
        <POS_3D X_OR_LON="400.0" Y_OR_LAT="300.0" Z="0"/>
        <INTERFACE ID="1" INTERFACE_TYPE="ETHERNET">
          <LAYER TYPE="DATALINK_LAYER">
            <PROTOCOL NAME="ETHERNET" SETPROPERTY="TRUE">
              <PROTOCOL_PROPERTY BUFFER_SIZE="1" COST="90" MAC_ADDRESS="AF1D00000501" SPANNING_TREE_PROTOCOL="IEEE 802.1D" SPT_STATUS="TRUE" SWITCHING_TECHNIQUE="Store_Forward" SWITCH_ID="1AF1D00000501" SWITCH_PRIORITY="1"/>
            </PROTOCOL>
          </LAYER>
          <LAYER TYPE="PHYSICAL_LAYER">
            <PROTOCOL NAME="ETHERNET" SETPROPERTY="TRUE">
              <PROTOCOL_PROPERTY CONNECTED_TO="AMF_3" CONNECTION_MEDIUM="WIRED" CONNECTION_MODE="FULL_DUPLEX"/>
            </PROTOCOL>
          </LAYER>
        </INTERFACE>
        <INTERFACE ID="2" INTERFACE_TYPE="ETHERNET">
          <LAYER TYPE="DATALINK_LAYER">
            <PROTOCOL NAME="ETHERNET" SETPROPERTY="TRUE">
              <PROTOCOL_PROPERTY BUFFER_SIZE="1" COST="90" MAC_ADDRESS="AF1D00000502" SPANNING_TREE_PROTOCOL="IEEE 802.1D" SPT_STATUS="TRUE" SWITCHING_TECHNIQUE="Store_Forward" SWITCH_ID="1AF1D00000501" SWITCH_PRIORITY="1"/>
            </PROTOCOL>
          </LAYER>
          <LAYER TYPE="PHYSICAL_LAYER">
            <PROTOCOL NAME="ETHERNET" SETPROPERTY="TRUE">
              <PROTOCOL_PROPERTY CONNECTED_TO="gNB_7" CONNECTION_MEDIUM="WIRED" CONNECTION_MODE="FULL_DUPLEX"/>
            </PROTOCOL>
          </LAYER>
        </INTERFACE>
      </DEVICE>
      <DEVICE DEFAULT_DEVICE_NAME="L2_Switch" DEVICE_ID="6" DEVICE_IMAGE="L2Switch.png" DEVICE_NAME="L2_Switch_6" DEVICE_TYPE="L2_SWITCH_gNB" INTERFACE_COUNT="1" TYPE="SWITCH">
        <POS_3D X_OR_LON="500.0" Y_OR_LAT="400.0" Z="0"/>
        <INTERFACE ID="1" INTERFACE_TYPE="ETHERNET">
          <LAYER TYPE="DATALINK_LAYER">
            <PROTOCOL NAME="ETHERNET" SETPROPERTY="TRUE">
              <PROTOCOL_PROPERTY BUFFER_SIZE="1" COST="90" MAC_ADDRESS="AF1D00000601" SPANNING_TREE_PROTOCOL="IEEE 802.1D" SPT_STATUS="TRUE" SWITCHING_TECHNIQUE="Store_Forward" SWITCH_ID="1AF1D00000601" SWITCH_PRIORITY="1"/>
            </PROTOCOL>
          </LAYER>
          <LAYER TYPE="PHYSICAL_LAYER">
            <PROTOCOL NAME="ETHERNET" SETPROPERTY="TRUE">
              <PROTOCOL_PROPERTY CONNECTED_TO="gNB_7" CONNECTION_MEDIUM="WIRED" CONNECTION_MODE="FULL_DUPLEX"/>
            </PROTOCOL>
          </LAYER>
        </INTERFACE>
      </DEVICE>
      <DEVICE DEFAULT_DEVICE_NAME="gNB" DEVICE_ID="7" DEVICE_IMAGE="gNB.png" DEVICE_NAME="gNB_7" DEVICE_TYPE="LTE_gNB" INTERFACE_COUNT="4" TYPE="GNB">
        <POS_3D X_OR_LON="199.33" Y_OR_LAT="1.12" Z="0"/>
        <INTERFACE ID="1" INTERFACE_TYPE="5G_N3">
          <LAYER TYPE="NETWORK_LAYER">
            <NETWORK_PROTOCOL NAME="IPV4" SETPROPERTY="TRUE">
              <PROTOCOL_PROPERTY DEFAULT_GATEWAY="" IP_ADDRESS="10.0.0.9" SUBNET_MASK="255.255.0.0"/>
            </NETWORK_PROTOCOL>
            <PROTOCOL NAME="LTE_NR" SETPROPERTY="TRUE">
              <PROTOCOL_PROPERTY ISNSAENABLE="FALSE" MASTER_NODE_TYPE="Non_mmWave_Cell" SECONDERY_NODE_TYPE="mmWave_Cell" SELECTED_OPTION_TYPE="" SERIES_3GPP="38" TYPE="GNB"/>
            </PROTOCOL>
          </LAYER>
          <LAYER TYPE="DATALINK_LAYER">
            <PROTOCOL NAME="POINT_TO_POINT" SETPROPERTY="TRUE">
              <PROTOCOL_PROPERTY MAC_ADDRESS="AF1D00000701"/>
            </PROTOCOL>
          </LAYER>
          <LAYER TYPE="PHYSICAL_LAYER">
            <PROTOCOL NAME="POINT_TO_POINT" SETPROPERTY="TRUE">
              <PROTOCOL_PROPERTY CONNECTED_TO="L2_Switch_4" CONNECTION_MEDIUM="WIRED"/>
            </PROTOCOL>
          </LAYER>
        </INTERFACE>
        <INTERFACE ID="2" INTERFACE_TYPE="5G_N1_N2">
          <LAYER TYPE="NETWORK_LAYER">
            <NETWORK_PROTOCOL NAME="IPV4" SETPROPERTY="TRUE">
              <PROTOCOL_PROPERTY DEFAULT_GATEWAY="10.0.0.7" IP_ADDRESS="10.0.0.11" SUBNET_MASK="255.255.0.0"/>
            </NETWORK_PROTOCOL>
          </LAYER>
          <LAYER TYPE="DATALINK_LAYER">
            <PROTOCOL NAME="ETHERNET" SETPROPERTY="TRUE">
              <PROTOCOL_PROPERTY MAC_ADDRESS="AF1D00000702"/>
            </PROTOCOL>
          </LAYER>
          <LAYER TYPE="PHYSICAL_LAYER">
            <PROTOCOL NAME="ETHERNET" SETPROPERTY="TRUE">
              <PROTOCOL_PROPERTY CONNECTED_TO="L2_Switch_5" CONNECTION_MEDIUM="WIRED"/>
            </PROTOCOL>
          </LAYER>
        </INTERFACE>
        <INTERFACE ID="3" INTERFACE_TYPE="5G_XN">
          <LAYER TYPE="NETWORK_LAYER">
            <NETWORK_PROTOCOL NAME="IPV4" SETPROPERTY="TRUE">
              <PROTOCOL_PROPERTY DEFAULT_GATEWAY="" IP_ADDRESS="10.0.0.13" SUBNET_MASK="255.255.0.0"/>
            </NETWORK_PROTOCOL>
            <PROTOCOL NAME="LTE_NR" SETPROPERTY="TRUE">
              <PROTOCOL_PROPERTY ISNSAENABLE="FALSE" MASTER_NODE_TYPE="Non_mmWave_Cell" SECONDERY_NODE_TYPE="mmWave_Cell" SELECTED_OPTION_TYPE="" SERIES_3GPP="38" TYPE="GNB"/>
            </PROTOCOL>
          </LAYER>
          <LAYER TYPE="DATALINK_LAYER">
            <PROTOCOL NAME="ETHERNET" SETPROPERTY="TRUE">
              <PROTOCOL_PROPERTY MAC_ADDRESS="AF1D00000703"/>
            </PROTOCOL>
          </LAYER>
          <LAYER TYPE="PHYSICAL_LAYER">
            <PROTOCOL NAME="ETHERNET" SETPROPERTY="TRUE">
              <PROTOCOL_PROPERTY CONNECTED_TO="L2_Switch_6" CONNECTION_MEDIUM="WIRED"/>
            </PROTOCOL>
          </LAYER>
        </INTERFACE>
        <INTERFACE ID="4" INTERFACE_TYPE="5G_RAN">
          <LAYER TYPE="DATALINK_LAYER">
            <PROTOCOL NAME="LTE_NR" SETPROPERTY="TRUE">
              <PROTOCOL_PROPERTY ASSOCIATE_AMF="AMF_3" ASSOCIATE_SMF="SMF_2" ASSOCIATE_UPF="UPF_1" ISNSAENABLE="FALSE" MAC_ADDRESS="AF1D00000704" MASTER_NODE_TYPE="Non_mmWave_Cell" PDCP_DISCARD_DELAY_TIMER="500" PDCP_HEADER_COMPRESSION="FALSE" PDCP_OUT_OF_ORDER_DELIVERY="FALSE" PDCP_TREORDERING_DELAY_TIMER="500" RLC_MAX_RETX_THRESHOLD="t1" RLC_POLL_BYTE="kB25" RLC_POLL_PDU="p4" RLC_T_POLL_RETRANSMIT="ms5" RLC_T_REASSEMBLY="ms5" RLC_T_STATUS_PROHIBIT="ms5" RRC_MIB_PERIOD="80" RRC_SIB1_PERIOD="160" RRC_UE_MEASUREMENT_REPORT_PERIOD="120" SCHEDULING="ROUND_ROBIN" SECONDERY_NODE_TYPE="mmWave_Cell" SELECTED_OPTION_TYPE="" SERIES_3GPP="38" TYPE="GNB"/>
            </PROTOCOL>
          </LAYER>
          <LAYER TYPE="PHYSICAL_LAYER">
            <PROTOCOL NAME="LTE_NR" SETPROPERTY="TRUE">
              <PROTOCOL_PROPERTY CA_CONFIGURATION="n261" CA_COUNT="1" CA_TYPE="SINGLE_BAND" DUPLEX_MODE="TDD" FRAMEDURATION_MS="10" GNB_HEIGHT="10" NUMSUBCARRIERPERPRB="12" SERIES_3GPP="38" SUBFRAMEDURATION_MS="1" TX_POWER_DBM="{1}" TYPE="GNB">
                <CA CHANNELBANDWIDTH_MHz="{2}" CYCLICPREFIX="NORMAL" DL_UL_RATIO="4:1" FREQUENCY_RANGE="FR2" Fhigh_MHz="28350" Flow_MHz="27500" GUARDBAND_kHz="{4}" MU="3" OPERATING_BAND="n261" PRBBANDWIDTH="kHz1440" PRBCOUNT="{3}" SLOTDURATION_US="125" SLOTPERFRAME="80" SLOTPERSUBFRAME="8" SLOT_TYPE="Mixed" SUBCARRIERSPACING="kHz120" SYMBOLDURATION_US="8.93" SYMBOLPERSLOT="14"/>
                <ANTENNA RX_ANTENNA_COUNT="4" TX_ANTENNA_COUNT="{0}"/>
                <PDSCH_CONFIG MCS_TABLE="QAM256" XOVERHEAD="XOH0"/>
                <PUSCH_CONFIG MCS_TABLE="QAM256" TRANSFORM_PRECODING="ENABLE"/>
                <CSIREPORT_CONFIG CQI_TABLE="TABLE2"/>
                <CHANNEL_MODEL ADDITIONAL_LOSS_MODEL="NONE" BUILDINGS_HEIGHT="5" FASTFADING_MODEL="NO_FADING" INDOOR_OFFICE_TYPE="MIXED_OFFICE" INDOOR_SCENARIO="INDOOR_OFFICE" LOS_NLOS_SELECTION="USER_DEFINED" LOS_PROBABILITY="0" O2I_BUILDING_PENETRATION_MODEL="NONE" OUTDOOR_SCENARIO="RURAL_MACRO" PATHLOSS_MODEL="3GPPTR38.901-7.4.1" SHADOWFADING_MODEL="NONE" STREET_WIDTH="20"/>
              </PROTOCOL_PROPERTY>
            </PROTOCOL>
          </LAYER>
        </INTERFACE>
        <LAYER TYPE="APPLICATION_LAYER">
          <PROTOCOL NAME="LTE_NR" SETPROPERTY="TRUE">
            <PROTOCOL_PROPERTY GTP_U_COUNT="1" ISNSAENABLE="FALSE" MASTER_NODE_TYPE="Non_mmWave_Cell" NGAP_COUNT="1" SECONDERY_NODE_TYPE="mmWave_Cell" SELECTED_OPTION_TYPE="" SERIES_3GPP="38" TYPE="GNB">
              <NGAP AMF_IP_ADDRESS="10.0.0.7" SMF_IP_ADDRESS="10.0.0.1"/>
              <GTP_U UPF_IP_ADDRESS="10.0.0.5"/>
            </PROTOCOL_PROPERTY>
          </PROTOCOL>
        </LAYER>
        <LAYER TYPE="TRANSPORT_LAYER">
          <PROTOCOL NAME="UDP" SETPROPERTY="TRUE">
            <PROTOCOL_PROPERTY/>
          </PROTOCOL>
        </LAYER>
      </DEVICE>
      <DEVICE DEFAULT_DEVICE_NAME="UE" DEVICE_ID="8" DEVICE_IMAGE="UserEquipment.png" DEVICE_NAME="UE_8" DEVICE_TYPE="LTE_NR_UE" INTERFACE_COUNT="1" TYPE="UE" WIRESHARK_OPTION="Disable">
        <POS_3D X_OR_LON="200" Y_OR_LAT="100" Z="0">
          <MOBILITY MODEL="NO_MOBILITY"/>
        </POS_3D>
        <INTERFACE ID="1" INTERFACE_TYPE="5G_RAN">
          <LAYER TYPE="NETWORK_LAYER">
            <NETWORK_PROTOCOL NAME="IPV4" SETPROPERTY="TRUE">
              <PROTOCOL_PROPERTY DEFAULT_GATEWAY="10.0.0.5" IP_ADDRESS="10.0.0.16" SUBNET_MASK="255.255.0.0"/>
            </NETWORK_PROTOCOL>
          </LAYER>
          <LAYER TYPE="DATALINK_LAYER">
            <PROTOCOL NAME="LTE_NR" SETPROPERTY="TRUE">
              <PROTOCOL_PROPERTY IMEI_NUMBER="491271073396056" ISNSAENABLE="FALSE" MASTER_NODE_TYPE="Non_mmWave_Cell" MOBILE_NUMBER="4202272794" PDCP_DISCARD_DELAY_TIMER="500" PDCP_HEADER_COMPRESSION="FALSE" PDCP_OUT_OF_ORDER_DELIVERY="FALSE" PDCP_TREORDERING_DELAY_TIMER="500" RLC_MAX_RETX_THRESHOLD="t1" RLC_POLL_BYTE="kB25" RLC_POLL_PDU="p4" RLC_T_POLL_RETRANSMIT="ms5" RLC_T_REASSEMBLY="ms5" RLC_T_STATUS_PROHIBIT="ms5" SECONDERY_NODE_TYPE="mmWave_Cell" SELECTED_OPTION_TYPE="" SERIES_3GPP="38" TYPE="UE"/>
            </PROTOCOL>
          </LAYER>
          <LAYER TYPE="PHYSICAL_LAYER">
            <PROTOCOL NAME="LTE_NR" SETPROPERTY="TRUE">
              <PROTOCOL_PROPERTY CONNECTED_TO="gNB_7" SERIES_3GPP="38" TX_POWER_DBM="23" TYPE="UE" UE_HEIGHT="1.50">
                <ANTENNA RX_ANTENNA_COUNT="{0}" TX_ANTENNA_COUNT="4"/>
              </PROTOCOL_PROPERTY>
            </PROTOCOL>
          </LAYER>
        </INTERFACE>
        <LAYER TYPE="APPLICATION_LAYER"/>
        <LAYER TYPE="TRANSPORT_LAYER">
          <PROTOCOL NAME="TCP" SETPROPERTY="TRUE">
            <PROTOCOL_PROPERTY ACKNOWLEDGEMENT_TYPE="Undelayed" CONGESTION_ALGORITHM="NEW_RENO" CONGESTION_PLOT="FALSE" INITIAL_SSTHRESH="65535" MAX_SYN_RETRIES="5" SACK_PERMITTED="FALSE" SELECTIVE_ACK="FALSE" TCP_MSS="1460" TIMESTAMP_OPTION="FALSE" TIME_WAIT_TIMER="120" WINDOW_SCALING="FALSE"/>
          </PROTOCOL>
          <PROTOCOL NAME="UDP" SETPROPERTY="TRUE">
            <PROTOCOL_PROPERTY/>
          </PROTOCOL>
        </LAYER>
        <LAYER TYPE="NETWORK_LAYER">
          <PROTOCOL NAME="IPV4" SETPROPERTY="TRUE">
            <PROTOCOL_PROPERTY PROCESSING_DELAY_US="0.0"/>
          </PROTOCOL>
        </LAYER>
      </DEVICE>
      <DEVICE DEFAULT_DEVICE_NAME="Router" DEVICE_ID="9" DEVICE_IMAGE="InternalRouter.png" DEVICE_NAME="Router_9" DEVICE_TYPE="ROUTER" INTERFACE_COUNT="2" TYPE="ROUTER" WIRESHARK_OPTION="Disable">
        <POS_3D X_OR_LON="700" Y_OR_LAT="200" Z="0"/>
        <INTERFACE ID="1" INTERFACE_TYPE="SERIAL">
          <LAYER TYPE="NETWORK_LAYER">
            <NETWORK_PROTOCOL NAME="IPV4" SETPROPERTY="TRUE">
              <PROTOCOL_PROPERTY DEFAULT_GATEWAY="" IP_ADDRESS="11.1.1.2" SUBNET_MASK="255.255.0.0"/>
            </NETWORK_PROTOCOL>
          </LAYER>
          <LAYER TYPE="DATALINK_LAYER">
            <PROTOCOL NAME="POINT_TO_POINT" SETPROPERTY="TRUE">
              <PROTOCOL_PROPERTY MAC_ADDRESS="AF1D00000901"/>
            </PROTOCOL>
          </LAYER>
          <LAYER TYPE="PHYSICAL_LAYER">
            <PROTOCOL NAME="POINT_TO_POINT" SETPROPERTY="TRUE">
              <PROTOCOL_PROPERTY CONNECTED_TO="UPF_1" CONNECTION_MEDIUM="WIRED"/>
            </PROTOCOL>
          </LAYER>
        </INTERFACE>
        <INTERFACE ID="2" INTERFACE_TYPE="ETHERNET">
          <LAYER TYPE="NETWORK_LAYER">
            <NETWORK_PROTOCOL NAME="IPV4" SETPROPERTY="TRUE">
              <PROTOCOL_PROPERTY DEFAULT_GATEWAY="" IP_ADDRESS="11.2.1.1" SUBNET_MASK="255.255.0.0"/>
            </NETWORK_PROTOCOL>
            <PROTOCOL NAME="ARP" SETPROPERTY="TRUE">
              <PROTOCOL_PROPERTY ARP_RETRY_INTERVAL="10" ARP_RETRY_LIMIT="3"/>
            </PROTOCOL>
          </LAYER>
          <LAYER TYPE="DATALINK_LAYER">
            <PROTOCOL NAME="ETHERNET" SETPROPERTY="TRUE">
              <PROTOCOL_PROPERTY MAC_ADDRESS="AF1D00000902"/>
            </PROTOCOL>
          </LAYER>
          <LAYER TYPE="PHYSICAL_LAYER">
            <PROTOCOL NAME="ETHERNET" SETPROPERTY="TRUE">
              <PROTOCOL_PROPERTY CONNECTED_TO="Wired_Node_10" CONNECTION_MEDIUM="WIRED"/>
            </PROTOCOL>
          </LAYER>
        </INTERFACE>
        <LAYER TYPE="APPLICATION_LAYER">
          <ROUTING_PROTOCOL NAME="OSPF" SETPROPERTY="TRUE">
            <PROTOCOL_PROPERTY FLOODTIMER="100" INCREMENTAGE="1" ISADVERTISESELFINTERFACE="TRUE" ISSENDDELAYEDUPDATE="TRUE" LSAMAXAGE="3600" LS_REFRESH_TIME="1800" MAXAGEREMOVALTIME="2" MINLSINTERVAL="5" SPFCALCDELAY="40" VERSION="2">
              <INTERFACE ID="2" ISOSPFRUN="FALSE" NAME="ETHERNET" TYPE="BROADCAST"/>
            </PROTOCOL_PROPERTY>
          </ROUTING_PROTOCOL>
        </LAYER>
        <LAYER TYPE="TRANSPORT_LAYER">
          <PROTOCOL NAME="TCP" SETPROPERTY="TRUE">
            <PROTOCOL_PROPERTY ACKNOWLEDGEMENT_TYPE="Undelayed" CONGESTION_ALGORITHM="NEW_RENO" CONGESTION_PLOT="FALSE" INITIAL_SSTHRESH="65535" MAX_SYN_RETRIES="5" SACK_PERMITTED="FALSE" SELECTIVE_ACK="FALSE" TCP_MSS="1460" TIMESTAMP_OPTION="FALSE" TIME_WAIT_TIMER="120" WINDOW_SCALING="FALSE"/>
          </PROTOCOL>
          <PROTOCOL NAME="UDP" SETPROPERTY="TRUE">
            <PROTOCOL_PROPERTY/>
          </PROTOCOL>
        </LAYER>
        <LAYER TYPE="NETWORK_LAYER">
          <PROTOCOL NAME="IPV4" SETPROPERTY="TRUE">
            <PROTOCOL_PROPERTY ICMP_STATUS="FALSE" PROCESSING_DELAY_US="0.0"/>
          </PROTOCOL>
        </LAYER>
      </DEVICE>
      <DEVICE DEFAULT_DEVICE_NAME="Wired_Node" DEVICE_ID="10" DEVICE_IMAGE="WiredNode.png" DEVICE_NAME="Wired_Node_10" DEVICE_TYPE="WIREDNODE" INTERFACE_COUNT="1" TYPE="NODE" WIRESHARK_OPTION="Disable">
        <POS_3D X_OR_LON="700" Y_OR_LAT="300" Z="0"/>
        <INTERFACE ID="1" INTERFACE_TYPE="ETHERNET">
          <LAYER TYPE="NETWORK_LAYER">
            <NETWORK_PROTOCOL NAME="IPV4" SETPROPERTY="TRUE">
              <PROTOCOL_PROPERTY DEFAULT_GATEWAY="11.2.1.1" IP_ADDRESS="11.2.1.2" SUBNET_MASK="255.255.0.0"/>
            </NETWORK_PROTOCOL>
            <PROTOCOL NAME="ARP" SETPROPERTY="TRUE">
              <PROTOCOL_PROPERTY ARP_RETRY_INTERVAL="10" ARP_RETRY_LIMIT="3"/>
            </PROTOCOL>
          </LAYER>
          <LAYER TYPE="DATALINK_LAYER">
            <PROTOCOL NAME="ETHERNET" SETPROPERTY="TRUE">
              <PROTOCOL_PROPERTY MAC_ADDRESS="AF1D00000a01"/>
            </PROTOCOL>
          </LAYER>
          <LAYER TYPE="PHYSICAL_LAYER">
            <PROTOCOL NAME="ETHERNET" SETPROPERTY="TRUE">
              <PROTOCOL_PROPERTY CONNECTED_TO="Router_9" CONNECTION_MEDIUM="WIRED" LINK_TYPE="WIRED"/>
            </PROTOCOL>
          </LAYER>
        </INTERFACE>
        <LAYER TYPE="APPLICATION_LAYER"/>
        <LAYER TYPE="TRANSPORT_LAYER">
          <PROTOCOL NAME="TCP" SETPROPERTY="TRUE">
            <PROTOCOL_PROPERTY ACKNOWLEDGEMENT_TYPE="Undelayed" CONGESTION_ALGORITHM="NEW_RENO" CONGESTION_PLOT="FALSE" INITIAL_SSTHRESH="65535" MAX_SYN_RETRIES="5" SACK_PERMITTED="FALSE" SELECTIVE_ACK="FALSE" TCP_MSS="1460" TIMESTAMP_OPTION="FALSE" TIME_WAIT_TIMER="120" WINDOW_SCALING="FALSE"/>
          </PROTOCOL>
          <PROTOCOL NAME="UDP" SETPROPERTY="TRUE">
            <PROTOCOL_PROPERTY/>
          </PROTOCOL>
        </LAYER>
        <LAYER TYPE="NETWORK_LAYER">
          <PROTOCOL NAME="IPV4" SETPROPERTY="TRUE">
            <PROTOCOL_PROPERTY ICMP_STATUS="FALSE" PROCESSING_DELAY_US="0.0"/>
          </PROTOCOL>
        </LAYER>
      </DEVICE>
    </DEVICE_CONFIGURATION>
    <CONNECTION>
      <LINK DEVICE_COUNT="2" LINK_COLOR="" LINK_ID="1" LINK_MODE="FULL_DUPLEX" LINK_NAME="1" LINK_SPEED_DOWN="10000" LINK_SPEED_UP="10000" LINK_WIDTH="2.0" MEDIUM="WIRED" TYPE="POINT_TO_POINT">
        <DEVICE DEVICE_ID="2" INTERFACE_ID="1" NAME="SMF_2"/>
        <DEVICE DEVICE_ID="3" INTERFACE_ID="1" NAME="AMF_3"/>
        <MEDIUM_PROPERTY ERROR_RATE_DOWN="0.0" ERROR_RATE_UP="0.0" PROPAGATION_DELAY_DOWN="5" PROPAGATION_DELAY_UP="5"/>
        <LINK_FAILURE DOWNTIME="100000" UPTIME="0"/>
      </LINK>
      <LINK DEVICE_COUNT="2" LINK_COLOR="" LINK_ID="2" LINK_MODE="FULL_DUPLEX" LINK_NAME="2" LINK_SPEED_DOWN="10000" LINK_SPEED_UP="10000" LINK_WIDTH="2.0" MEDIUM="WIRED" TYPE="POINT_TO_POINT">
        <DEVICE DEVICE_ID="1" INTERFACE_ID="1" NAME="UPF_1"/>
        <DEVICE DEVICE_ID="2" INTERFACE_ID="2" NAME="SMF_2"/>
        <MEDIUM_PROPERTY ERROR_RATE_DOWN="0.0" ERROR_RATE_UP="0.0" PROPAGATION_DELAY_DOWN="5" PROPAGATION_DELAY_UP="5"/>
        <LINK_FAILURE DOWNTIME="100000" UPTIME="0"/>
      </LINK>
      <LINK DEVICE_COUNT="2" LINK_COLOR="" LINK_ID="3" LINK_MODE="FULL_DUPLEX" LINK_NAME="3" LINK_SPEED_DOWN="10000" LINK_SPEED_UP="10000" LINK_WIDTH="2.0" MEDIUM="WIRED" TYPE="POINT_TO_POINT">
        <DEVICE DEVICE_ID="1" INTERFACE_ID="2" NAME="UPF_1"/>
        <DEVICE DEVICE_ID="4" INTERFACE_ID="1" NAME="L2_Switch_4"/>
        <MEDIUM_PROPERTY ERROR_RATE_DOWN="0.0" ERROR_RATE_UP="0.0" PROPAGATION_DELAY_DOWN="5" PROPAGATION_DELAY_UP="5"/>
        <LINK_FAILURE DOWNTIME="100000" UPTIME="0"/>
      </LINK>
      <LINK DEVICE_COUNT="2" LINK_COLOR="" LINK_ID="4" LINK_MODE="FULL_DUPLEX" LINK_NAME="4" LINK_SPEED_DOWN="10000" LINK_SPEED_UP="10000" LINK_WIDTH="2.0" MEDIUM="WIRED" TYPE="POINT_TO_POINT">
        <DEVICE DEVICE_ID="3" INTERFACE_ID="2" NAME="AMF_3"/>
        <DEVICE DEVICE_ID="5" INTERFACE_ID="1" NAME="L2_Switch_5"/>
        <MEDIUM_PROPERTY ERROR_RATE_DOWN="0.0" ERROR_RATE_UP="0.0" PROPAGATION_DELAY_DOWN="5" PROPAGATION_DELAY_UP="5"/>
        <LINK_FAILURE DOWNTIME="100000" UPTIME="0"/>
      </LINK>
      <LINK DEVICE_COUNT="2" LINK_COLOR="" LINK_ID="5" LINK_MODE="FULL_DUPLEX" LINK_NAME="5" LINK_SPEED_DOWN="10000" LINK_SPEED_UP="10000" LINK_WIDTH="2.0" MEDIUM="WIRED" TYPE="POINT_TO_POINT">
        <DEVICE DEVICE_ID="4" INTERFACE_ID="2" NAME="L2_Switch_4"/>
        <DEVICE DEVICE_ID="7" INTERFACE_ID="1" NAME="gNB_7"/>
        <MEDIUM_PROPERTY ERROR_RATE_DOWN="0.0" ERROR_RATE_UP="0.0" PROPAGATION_DELAY_DOWN="5" PROPAGATION_DELAY_UP="5"/>
        <LINK_FAILURE DOWNTIME="100000" UPTIME="0"/>
      </LINK>
      <LINK DEVICE_COUNT="2" LINK_COLOR="" LINK_ID="6" LINK_MODE="FULL_DUPLEX" LINK_NAME="6" LINK_SPEED_DOWN="10000" LINK_SPEED_UP="10000" LINK_WIDTH="2.0" MEDIUM="WIRED" TYPE="POINT_TO_POINT">
        <DEVICE DEVICE_ID="5" INTERFACE_ID="2" NAME="L2_Switch_5"/>
        <DEVICE DEVICE_ID="7" INTERFACE_ID="2" NAME="gNB_7"/>
        <MEDIUM_PROPERTY ERROR_RATE_DOWN="0.0" ERROR_RATE_UP="0.0" PROPAGATION_DELAY_DOWN="5" PROPAGATION_DELAY_UP="5"/>
        <LINK_FAILURE DOWNTIME="100000" UPTIME="0"/>
      </LINK>
      <LINK DEVICE_COUNT="2" LINK_COLOR="" LINK_ID="7" LINK_MODE="FULL_DUPLEX" LINK_NAME="7" LINK_SPEED_DOWN="10000" LINK_SPEED_UP="10000" LINK_WIDTH="2.0" MEDIUM="WIRED" TYPE="POINT_TO_POINT">
        <DEVICE DEVICE_ID="6" INTERFACE_ID="1" NAME="L2_Switch_6"/>
        <DEVICE DEVICE_ID="7" INTERFACE_ID="3" NAME="gNB_7"/>
        <MEDIUM_PROPERTY ERROR_RATE_DOWN="0.0" ERROR_RATE_UP="0.0" PROPAGATION_DELAY_DOWN="5" PROPAGATION_DELAY_UP="5"/>
        <LINK_FAILURE DOWNTIME="100000" UPTIME="0"/>
      </LINK>
      <LINK DEVICE_COUNT="2" LINK_COLOR="1885ad" LINK_ID="8" LINK_MODE="HALF_DUPLEX" LINK_NAME="8" LINK_WIDTH="2.0" MEDIUM="WIRELESS" TYPE="POINT_TO_MULTIPOINT">
        <DEVICE DEVICE_ID="7" INTERFACE_ID="4" NAME="gNB_7"/>
        <DEVICE DEVICE_ID="8" INTERFACE_ID="1" NAME="UE_8"/>
        <MEDIUM_PROPERTY CHANNEL_CHARACTERISTICS="NO_PATHLOSS" PROPAGATION_MEDIUM="AIR"/>
      </LINK>
      <LINK DEVICE_COUNT="2" LINK_COLOR="" LINK_ID="9" LINK_MODE="FULL_DUPLEX" LINK_NAME="9" LINK_SPEED_DOWN="10000" LINK_SPEED_UP="10000" LINK_WIDTH="2.0" MEDIUM="WIRED" TYPE="POINT_TO_POINT">
        <DEVICE DEVICE_ID="1" INTERFACE_ID="3" NAME="UPF_1"/>
        <DEVICE DEVICE_ID="9" INTERFACE_ID="1" NAME="Router_9"/>
        <MEDIUM_PROPERTY ERROR_RATE_DOWN="0.0" ERROR_RATE_UP="0.0" PROPAGATION_DELAY_DOWN="5" PROPAGATION_DELAY_UP="5"/>
        <LINK_FAILURE DOWNTIME="100000" UPTIME="0"/>
      </LINK>
      <LINK DEVICE_COUNT="2" LINK_COLOR="" LINK_ID="10" LINK_MODE="FULL_DUPLEX" LINK_NAME="10" LINK_SPEED_DOWN="10000" LINK_SPEED_UP="10000" LINK_WIDTH="2.0" MEDIUM="WIRED" TYPE="POINT_TO_POINT">
        <DEVICE DEVICE_ID="9" INTERFACE_ID="2" NAME="Router_9"/>
        <DEVICE DEVICE_ID="10" INTERFACE_ID="1" NAME="Wired_Node_10"/>
        <MEDIUM_PROPERTY ERROR_RATE_DOWN="0" ERROR_RATE_UP="0" PROPAGATION_DELAY_DOWN="5" PROPAGATION_DELAY_UP="5"/>
      </LINK>
    </CONNECTION>
    <APPLICATION_CONFIGURATION COUNT="1">
      <APPLICATION APPLICATION_COLOR="0x9000ffff" APPLICATION_METHOD="UNICAST" APPLICATION_TYPE="CBR" APPLICATION_WIDTH="2.0" DESTINATION_COUNT="1" DESTINATION_ID="8" ENCRYPTION="NONE" END_TIME="100000" ID="1" NAME="App1_CBR" PRIORITY="Low" PROTOCOL="NONE" QOS="BE" RANDOM_STARTUP="FALSE" SHOW_LINE="Show line" SOURCE_COUNT="1" SOURCE_ID="10" START_TIME="1" TRANSPORT_PROTOCOL="UDP">
        <PACKET_SIZE DISTRIBUTION="CONSTANT" VALUE="1460"/>
        <INTER_ARRIVAL_TIME DISTRIBUTION="CONSTANT" VALUE="11.68"/>
      </APPLICATION>
    </APPLICATION_CONFIGURATION>
  </NETWORK_CONFIGURATION>
  <SIMULATION_PARAMETER SIMULATION_EXIT_TYPE="Time" SIMULATION_TIME="1.2">
    <SEED SEED1="12345678" SEED2="23456789"/>
    <ANIMATION STATUS="OFFLINE"/>
    <INTERACTIVE_SIMULATION INPUT_FILE="" STATUS="FALSE"/>
  </SIMULATION_PARAMETER>
  <PROTOCOL_CONFIGURATION>
    <PROTOCOL NAME="ARP">
      <STATIC_ARP FILE="" STATUS="ENABLE"/>
    </PROTOCOL>
    <PROTOCOL NAME="MOBILITY" OFFICE_COUNT="0"/>
  </PROTOCOL_CONFIGURATION>
  <STATISTICS_COLLECTION>
    <PACKET_TRACE FILE_NAME="." FILE_PATH="." STATUS="DISABLE"/>
    <EVENT_TRACE FILE_NAME="." FILE_PATH="." STATUS="DISABLE">
      <FILTER/>
    </EVENT_TRACE>
    <PCAP>
      <PCAP NAME="ALL_NETWORK_PACKETS" STATUS="LOG"/>
      <PCAP NAME="DISPATCHED_TO_EMULATOR" STATUS="LOG"/>
      <PCAP NAME="REINJECTED_FROM_EMULATOR" STATUS="LOG"/>
      <PCAP NAME="NOT_DISPATCHED_TO_EMULATOR" STATUS="LOG"/>
    </PCAP>
  </STATISTICS_COLLECTION>
</TETCOS_NETSIM>
