Y,THROUGHPUT(Mbps),
_At_Count_1_Tx_power_31_BW_50,49.581600
_At_Count_1_Tx_power_31_BW_100,75.920000
_At_Count_1_Tx_power_31_BW_200,92.213600
_At_Count_1_Tx_power_31_BW_400,75.920000
_At_Count_1_Tx_power_34_BW_50,70.488800
_At_Count_1_Tx_power_34_BW_100,103.076000
_At_Count_1_Tx_power_34_BW_200,151.898400
_At_Count_1_Tx_power_34_BW_400,184.427200
_At_Count_1_Tx_power_37_BW_50,99.221600
_At_Count_1_Tx_power_37_BW_100,146.467200
_At_Count_1_Tx_power_37_BW_200,206.152000
_At_Count_1_Tx_power_37_BW_400,303.796800
_At_Count_1_Tx_power_40_BW_50,114.931200
_At_Count_1_Tx_power_40_BW_100,206.152000
_At_Count_1_Tx_power_40_BW_200,292.934400
_At_Count_1_Tx_power_40_BW_400,412.304000
_At_Count_1_Tx_power_43_BW_50,144.948800
_At_Count_1_Tx_power_43_BW_100,238.680800
_At_Count_1_Tx_power_43_BW_200,412.304000
_At_Count_1_Tx_power_43_BW_400,585.927200
_At_Count_2_Tx_power_31_BW_50,73.116800
_At_Count_2_Tx_power_31_BW_100,92.213600
_At_Count_2_Tx_power_31_BW_200,75.920000
_At_Count_2_Tx_power_31_BW_400,86.782400
_At_Count_2_Tx_power_34_BW_50,99.221600
_At_Count_2_Tx_power_34_BW_100,151.898400
_At_Count_2_Tx_power_34_BW_200,184.427200
_At_Count_2_Tx_power_34_BW_400,151.898400
_At_Count_2_Tx_power_37_BW_50,crash,
_At_Count_2_Tx_power_37_BW_100,206.152000
_At_Count_2_Tx_power_37_BW_200,303.796800
_At_Count_2_Tx_power_37_BW_400,368.912800
_At_Count_2_Tx_power_40_BW_50,198.501600
_At_Count_2_Tx_power_40_BW_100,292.934400
_At_Count_2_Tx_power_40_BW_200,412.304000
_At_Count_2_Tx_power_40_BW_400,607.652000
_At_Count_2_Tx_power_43_BW_50,229.862400
_At_Count_2_Tx_power_43_BW_100,412.304000
_At_Count_2_Tx_power_43_BW_200,585.927200
_At_Count_2_Tx_power_43_BW_400,824.491200
_At_Count_4_Tx_power_31_BW_50,88.768000
_At_Count_4_Tx_power_31_BW_100,75.920000
_At_Count_4_Tx_power_31_BW_200,86.782400
_At_Count_4_Tx_power_31_BW_400,173.564800
_At_Count_4_Tx_power_34_BW_50,146.233600
_At_Count_4_Tx_power_34_BW_100,184.427200
_At_Count_4_Tx_power_34_BW_200,151.898400
_At_Count_4_Tx_power_34_BW_400,173.564800
_At_Count_4_Tx_power_37_BW_50,198.501600
_At_Count_4_Tx_power_37_BW_100,303.796800
_At_Count_4_Tx_power_37_BW_200,368.912800
_At_Count_4_Tx_power_37_BW_400,303.796800
_At_Count_4_Tx_power_40_BW_50,crash,
_At_Count_4_Tx_power_40_BW_100,crash,
_At_Count_4_Tx_power_40_BW_200,607.652000
_At_Count_4_Tx_power_40_BW_400,737.767200
_At_Count_4_Tx_power_43_BW_50,397.061600
_At_Count_4_Tx_power_43_BW_100,585.927200
_At_Count_4_Tx_power_43_BW_200,824.491200
_At_Count_4_Tx_power_43_BW_400,999.282400
_At_Count_8_Tx_power_31_BW_50,73.116800
_At_Count_8_Tx_power_31_BW_100,86.782400
_At_Count_8_Tx_power_31_BW_200,173.564800
_At_Count_8_Tx_power_31_BW_400,0.000000
_At_Count_8_Tx_power_34_BW_50,177.594400
_At_Count_8_Tx_power_34_BW_100,151.898400
_At_Count_8_Tx_power_34_BW_200,173.564800
_At_Count_8_Tx_power_34_BW_400,347.188000
_At_Count_8_Tx_power_37_BW_50,292.525600
_At_Count_8_Tx_power_37_BW_100,368.912800
_At_Count_8_Tx_power_37_BW_200,303.796800
_At_Count_8_Tx_power_37_BW_400,347.188000
_At_Count_8_Tx_power_40_BW_50,397.061600
_At_Count_8_Tx_power_40_BW_100,607.652000
_At_Count_8_Tx_power_40_BW_200,737.767200
_At_Count_8_Tx_power_40_BW_400,607.652000
_At_Count_8_Tx_power_43_BW_50,564.202400
_At_Count_8_Tx_power_43_BW_100,824.491200
_At_Count_8_Tx_power_43_BW_200,999.282400
_At_Count_8_Tx_power_43_BW_400,999.282400