Y,THROUGHPUT(Mbps),
gNB_Ht_10_distance_50_LOS_Prob_0,9.963040
gNB_Ht_10_distance_50_LOS_Prob_1,9.963040
gNB_Ht_10_distance_500_LOS_Prob_0,9.963040
gNB_Ht_10_distance_500_LOS_Prob_1,9.963040
gNB_Ht_10_distance_1000_LOS_Prob_0,3.866080
gNB_Ht_10_distance_1000_LOS_Prob_1,9.963040
gNB_Ht_30_distance_50_LOS_Prob_0,9.963040
gNB_Ht_30_distance_50_LOS_Prob_1,9.963040
gNB_Ht_30_distance_500_LOS_Prob_0,9.963040
30,crash,
gNB_Ht_30_distance_1000_LOS_Prob_0,9.963040
gNB_Ht_30_distance_1000_LOS_Prob_1,9.963040
gNB_Ht_50_distance_50_LOS_Prob_0,9.963040
gNB_Ht_50_distance_50_LOS_Prob_1,9.963040
gNB_Ht_50_distance_500_LOS_Prob_0,9.963040
gNB_Ht_50_distance_500_LOS_Prob_1,9.963040
gNB_Ht_50_distance_1000_LOS_Prob_0,9.963040
gNB_Ht_50_distance_1000_LOS_Prob_1,9.963040
gNB_Ht_70_distance_50_LOS_Prob_0,9.963040
gNB_Ht_70_distance_50_LOS_Prob_1,9.963040
gNB_Ht_70_distance_500_LOS_Prob_0,9.963040
gNB_Ht_70_distance_500_LOS_Prob_1,9.963040
gNB_Ht_70_distance_1000_LOS_Prob_0,9.963040
gNB_Ht_70_distance_1000_LOS_Prob_1,9.963040
gNB_Ht_90_distance_50_LOS_Prob_0,9.963040
gNB_Ht_90_distance_50_LOS_Prob_1,9.963040
gNB_Ht_90_distance_500_LOS_Prob_0,9.963040
gNB_Ht_90_distance_500_LOS_Prob_1,9.963040
gNB_Ht_90_distance_1000_LOS_Prob_0,9.963040
gNB_Ht_90_distance_1000_LOS_Prob_1,9.963040
gNB_Ht_110_distance_50_LOS_Prob_0,9.963040
gNB_Ht_110_distance_50_LOS_Prob_1,9.963040
gNB_Ht_110_distance_500_LOS_Prob_0,9.963040