<?xml version="1.0" encoding="ISO-8859-1"?>
<NETSIM_ANIMATION>
 <!--NETSIM_ANIMATION-->
 <MENU NAME="IP Table" isNewScreen="false">
  <MENU NAME="UPF_1" isNewScreen="true" FileName="Animation_UPF_1.txt" Type="table"/>
  <MENU NAME="SMF_2" isNewScreen="true" FileName="Animation_SMF_2.txt" Type="table"/>
  <MENU NAME="AMF_3" isNewScreen="true" FileName="Animation_AMF_3.txt" Type="table"/>
  <MENU NAME="GNB_7" isNewScreen="true" FileName="Animation_GNB_7.txt" Type="table"/>
  <MENU NAME="UE_8" isNewScreen="true" FileName="Animation_UE_8.txt" Type="table"/>
  <MENU NAME="ROUTER_9" isNewScreen="true" FileName="Animation_ROUTER_9.txt" Type="table"/>
  <MENU NAME="WIRED_NODE_10" isNewScreen="true" FileName="Animation_WIRED_NODE_10.txt" Type="table"/>
 </MENU>
 <MENU NAME="Node Movement" isNewScreen="false" FileName="Animation_Node_Movement.txt" Type="generic"/>
 <MENU NAME="Transmit_packet" isNewScreen="false" FileName="Animation_Transmit_packet.txt" Type="generic"/>
</NETSIM_ANIMATION>
